,harga,judul,kota,tanggal
0,Rp 256.400.000,[Mobil Baru] Mitsubishi Xpander 2019. DP SUPER MURAH ATAU ANGSURAN SUPER MINIM,Jakarta Timur,19  Apr
1,Rp 500.000,GPS Pelacak mobil sadap suara free peta monitoring mobil bergaransi,Medan Kota,12  Apr
2,Rp 75.000,Carteran Mobil Barang (Bak / Box) Pickup / Engkel / Truk Colt Diesel,Surabaya Kota,7  Mar
3,Rp 200.000,Buana mandiri jogja tempat sewa mobil,Yogyakarta Kota,09:41
4,Rp 200.000,sewa mobil Buana Mandiri trans lepas kunci,Yogyakarta Kota,09:41
5,Rp 160.000.000,Mobil Honda CRV 2.4,Bekasi Kota,09:41
6,Rp 304.300.000,[Mobil Baru] Honda HRV New PROMO SPECIAL LEBARAN 2019,Jakarta Timur,09:40
7,Rp 65.000.000,rumah masuk mobil hrg mulai 65jtan bebas banjir,Bandung Kab.,09:40
8,Rp 11.500.000,velg mobil TRD fortuner ring 22,Jakarta Utara,09:37
9,Rp 4.200.000,"velg mobil Mazda BT50 tipe SAHARA JT9027 HSR R15X8 H6X139,7 ET8 BMF",Tangerang Selatan Kota,09:37
10,Rp 4.200.000,"velg mobil Isuzu demax tipe SAHARA JT9027 HSR R15X8 H6X139,7 ET15 FBM",Tangerang Selatan Kota,09:37
11,Rp 80.000,dijual rotak bekas copotan mobil,Sleman Kab.,09:37
12,Rp 2.800.000,branding mobil berkualitas banggai kab,Banggai Kab.,09:36
13,Rp 280.000,Selimut mobil h2r bandung bahan kualitas halus15,Palembang Kota,09:36
14,Rp 5.500.000,racing edisi velg mobil P40 943 HSR R17X75 H5X112 ET42 HS,Cirebon Kota,09:36
15,dari Rp 10.000ke Rp 13.000,Pegawai Cuci Mobil / Steam Hidrolik X,Palembang Kota,09:36
16,Rp 11.500.000,velg mobil pajero ring 22,Jakarta Utara,09:36
17,Rp 5.300.000,Velg Mobil Mercy BIELEFELD AM8957 HSR R17X75 H5X112 +40 BMR,Denpasar Kota,09:36
18,Rp 280.000,Selimut mobil h2r bandung bahan kualitas halus7,Musi Rawas Kab.,09:35
